{"cameraMode":{"drawMode":0,"name":"Shaded","section":"Shading Mode"},"sceneLighting":true,"audioPlay":false,"sceneViewState":{"m_AlwaysRefresh":false,"showFog":true,"showSkybox":true,"showFlares":true,"showImageEffects":true,"showParticleSystems":true,"showVisualEffectGraphs":true,"m_FxEnabled":true},"in2DMode":false,"pivot":{"x":-4.619999885559082,"y":1.0799999237060547,"z":27.43000030517578},"rotation":{"x":0.009179027751088143,"y":-0.9885717034339905,"z":0.06742828339338303,"w":0.13457231223583222},"size":0.8660253882408142,"orthographic":false}