{"cameraMode":{"drawMode":0,"name":"Shaded","section":"Shading Mode"},"sceneLighting":true,"audioPlay":false,"sceneViewState":{"m_AlwaysRefresh":false,"showFog":true,"showSkybox":true,"showFlares":true,"showImageEffects":true,"showParticleSystems":true,"showVisualEffectGraphs":true,"m_FxEnabled":true},"in2DMode":false,"pivot":{"x":-6.257457733154297,"y":1.3967781066894532,"z":-3.7046213150024416},"rotation":{"x":-0.0006927742506377399,"y":0.9992375373840332,"z":-0.020987022668123246,"w":-0.032986871898174289},"size":3.0227599143981935,"orthographic":true}